State,Total_Revenue
MAHARASHTRA,1.20606E7
KARNATAKA,9599493.0
TELANGANA,6238694.0
UTTAR PRADESH,6145955.0
TAMIL NADU,5862465.0
DELHI,3899953.0
KERALA,3262030.0
WEST BENGAL,3164983.0
ANDHRA PRADESH,2834364.0
HARYANA,2642435.0
Gujarat,2456071.0
RAJASTHAN,1572424.0
MADHYA PRADESH,1446174.0
BIHAR,1248437.0
ODISHA,1216007.0
PUNJAB,1079201.0
ASSAM,922534.0
UTTARAKHAND,877611.0
JHARKHAND,830908.0
GOA,559842.0
CHHATTISGARH,511204.0
HIMACHAL PRADESH,444685.0
JAMMU & KASHMIR,406436.0
MANIPUR,199678.0
CHANDIGARH,189471.0
PUDUCHERRY,169508.0
ANDAMAN & NICOBAR ,137753.0
NAGALAND,133183.0
SIKKIM,125274.0
MEGHALAYA,104187.0
ARUNACHAL PRADESH,86165.0
Delhi,84888.0
TRIPURA,84542.0
New Delhi,39662.0
DADRA AND NAGAR,36134.0
MIZORAM,34905.0
Rajasthan,34513.0
LADAKH,33598.0
 Pune",21215.0
Punjab,20680.0
Bihar,19334.0
,16641.0
delhi,15906.0
Goa,15781.0
",15669.0
 Mumbai",15148.0
 Bangalore",12441.0
Odisha,10247.0
 Thrissur",10200.0
 Chennai",9512.0
 Tirupur",9507.0
punjab,8622.0
Chandigarh,8227.0
 MUMBAI",8204.0
 Thane",7690.0
 Kolkata",7479.0
AHMEDABAD",7254.0
 Hyderabad",7129.0
 kottayam",6899.0
 HYDERABAD",6631.0
 coimbatore",6545.0
 kozhikode",5763.0
 NAVI MUMBAI",5492.0
 Kanya Kumari District",5088.0
 Ahmedabad",4557.0
CHENNAI",4398.0
 Navi Mumbai",4396.0
 Guntur district",4380.0
 PUNE",4249.0
NAVI MUMBAI",4216.0
 Kochi",4101.0
pune",4034.0
 Ernakulam",4028.0
 F block",3957.0
rajasthan,3946.0
 krishna district",3932.0
Palghar",3852.0
 THIRUVANANTHAPURAM DISTRICT",3806.0
 call b4 comg",3645.0
 KOLKATA",3594.0
Sector 47,3564.0
 mathura",3484.0
 Kottayam",3361.0
 Jakkur Post",2990.0
 Cuttack",2955.0
 Malappuram Dt",2954.0
 BARDEZ",2905.0
KANNUR",2861.0
mumbai",2860.0
 THANE",2852.0
 modasa",2851.0
Sikkim,2703.0
 Bareilly",2676.0
Manipur,2631.0
 Ghaziabad",2544.0
 KOTA,2541.0
Kochi",2536.0
goa,2467.0
LAKSHADWEEP,2441.0
Pune",2439.0
 Badlapur East",2436.0
 Tumkur",2410.0
 Patna",2311.0
VIJAYAWADA",2307.0
BENGALURU",2277.0
ALLAHABAD",2267.0
 opp Bldg no . 112,2250.0
 Madurai",2231.0
 VIJAYAWADA",2198.0
 BENGALURU",2146.0
Gorimedu",2095.0
 palakkad",2084.0
 DEHRADUN",2073.0
 Tirunelveli district",2059.0
Dist- wardha",2034.0
hyderabad",2013.0
HOWRAH",1970.0
 Alappuzha District",1962.0
narayanpet dist",1949.0
 Kakkanad",1939.0
 PATHANAMTHITTA",1932.0
 pune",1891.0
Trivandrum",1886.0
Nileshwar P.O,1883.0
Thane",1883.0
kannur",1866.0
 Thanjavur Dt",1856.0
 Singrauli",1808.0
 JAYASHANKAR BHUPALAPALLY DISTRICT",1784.0
 dakshina kannada",1776.0
chamarajanagara distic",1738.0
 Vadodara",1720.0
 Palakkad",1714.0
South Goa",1680.0
 Chandragiri",1671.0
 Coimbatore",1667.0
 Gachibowli",1629.0
 Haldwani",1617.0
Chaitanyapuri,1616.0
 Dist Thane",1609.0
Sonebhadra",1596.0
 medak district",1580.0
 tirupur",1574.0
nellore(dist).",1570.0
 India",1547.0
 aurangabad.",1542.0
 Navi Mumbai,1542.0
 ernakulam",1542.0
 Kollam",1537.0
 Puducherry",1531.0
 Hyderabad - 92",1523.0
 Chittoor (D.t)",1523.0
 Tanuku Mandalam,1499.0
 THRISSUR",1497.0
 Gandhinagar",1494.0
 Udupi",1491.0
chennai",1487.0
 Allahabad",1477.0
Hyderabad",1477.0
 Dharavi,1475.0
Cuddalore",1473.0
 Tiruvalla",1473.0
Kanyakumari",1470.0
 Kanyakumari",1463.0
 Howrah",1458.0
Bemina Budgam",1442.0
 TIRUNELVELI",1438.0
 Aurangabad 431001",1437.0
bihar,1432.0
 Vizianagaram dist",1426.0
 Bandra East",1423.0
 Nellore",1418.0
nelakondapalli",1403.0
daman",1399.0
 Ghatlodia,1399.0
 JAJPUR ROAD",1399.0
 civil line,1399.0
 Salt lake ,1396.0
 Ranga Reddy District,1382.0
 District - Bulandshahr",1371.0
 tehsil-Ratlam,1369.0
 manesar,1349.0
HYDERABAD",1340.0
 Moga",1335.0
 Bhagalpur",1315.0
 Malappuram",1304.0
 Vijaypur",1299.0
 Chittoor District",1287.0
 sikar",1260.0
 LUCKNOW",1257.0
 Panvel,1254.0
 District: Gadag",1253.0
Kannauj",1247.0
Navi Mumbai",1240.0
 Perumbavoor",1238.0
 Ganjam",1238.0
Arunachal Pradesh,1235.0
 Tiruvarur",1222.0
 kolkata",1213.0
 WAYANAD",1206.0
 ELURU",1199.0
 namakkal",1199.0
Nasik district",1196.0
 Siliguri",1186.0
 Ditt. Jind",1186.0
 NAGAPATTINUM (DISTRICT)",1186.0
 Dist : Raigad",1186.0
 PANAGARH",1186.0
 kannur",1170.0
WARANGAL",1168.0
 PORBANDAR",1168.0
kalyan",1168.0
 Dist: Thane",1167.0
 MANUBOLU",1163.0
 Delhi",1163.0
 Delhi Cantt",1163.0
 Mysore",1163.0
 Dist- Gir Somnath",1163.0
 srikakulam",1149.0
 KAMRUP (M)",1146.0
Orissa,1140.0
CHENNAI-42.",1139.0
 Port Blair",1129.0
 new Mumbai.",1128.0
 Chidambaram",1127.0
 Thane dist",1127.0
 TAL-NEWASA,1126.0
badaun",1126.0
 Kalamboli",1126.0
 Chintamani taluk,1125.0
COIMBATORE DISTRICT.",1125.0
raibarely road faizabad (Ayodhya)",1122.0
 Kolhapur",1122.0
 West Bengal",1120.0
PUNE",1115.0
 etawah",1115.0
 Hosur",1115.0
 shahapur",1112.0
Banarpal",1112.0
 Bharuch",1107.0
 LUDHIANA",1100.0
 Bengaluru",1099.0
phulnakhra Dist-Khurda",1099.0
 Visakhapatnam",1099.0
 East Godavari",1099.0
  Andheri west",1099.0
 MALAPPURAM",1099.0
Thrissur",1084.0
 Manimedu",1075.0
 Mumbai,1068.0
 Korba",1068.0
 Majgaon",1067.0
near-Avinandan Furniture,1061.0
gautam budh nagar",1055.0
Birbhum",1051.0
 PATNA",1048.0
 Powai",1044.0
RJ,1040.0
 Anantapur District",1034.0
 Sanjeeva Reddy Nagar,1031.0
Nainital",999.0
 chitradurga district",999.0
 Thiruvannamalai District,999.0
Patna",999.0
 Nainital",999.0
 Jind",999.0
 kadapa",999.0
 Salem",999.0
 District - Hooghly",999.0
Rangareddy",998.0
Udupi",994.0
 CHANGANACHERRY",988.0
BAREILLY",988.0
 Po-Mallickpara,988.0
 chennai",987.0
 Chandanagar,984.0
 Old goa",984.0
 CHENNAI",972.0
 kankavli",968.0
 KUSHINAGAR",967.0
 Meerpet ,967.0
NL,961.0
 kurnool",958.0
Hojai",955.0
 West Barddhaman",950.0
 East Champaran,949.0
noida",949.0
Palakkad",948.0
 mumbai",944.0
 Telangana",939.0
 Mumbai -  400097",936.0
 P.S.-KHARDAH.",925.0
 Bhubaneswar",900.0
ELAMPALOOR",899.0
 maharashtra",899.0
churu",899.0
VIRUDHUNAGAR DISTRICT",899.0
 Dist - Raigad,899.0
kannadichal road",899.0
 Madurai (DT)",888.0
 R.R.Dist",885.0
 Rohini",885.0
sinthi",885.0
mangluru",877.0
 KRISHNARAJPET TQ.,874.0
 Sector-91",870.0
 kochi",868.0
Kollam",867.0
 Khordha",867.0
 Vijayawada",857.0
 Maharajganj",857.0
kalpakkam",855.0
 East Madnipur",855.0
 Sangareddy",850.0
 thane",845.0
 malappuram",833.0
 calicut",832.0
 Dist- Thane",825.0
pauri garhwal",824.0
 KOLENCHERY",824.0
Ernakulam",807.0
 Ilhas",801.0
 Kelambakkam",800.0
 Navimumbai",799.0
Medical college,799.0
 Andheri-East,798.0
Visakhapatnam",798.0
kayamkullam",792.0
 Kolkata,788.0
 karjat raigad",788.0
 Mohali",788.0
Sahibabad",788.0
 751003",788.0
 Mumbra",788.0
 alt no 9419844047",788.0
 Trivandrum",788.0
 Aluva",788.0
Majiwade",788.0
 deralakatte",788.0
 jaunpur",788.0
 Vrindavan",788.0
 GANDHIDHAM",787.0
 Singrauli district",786.0
bhadohi",782.0
Nellore Dt",771.0
 HSIIDC SOHNA",771.0
 Piduguralla",771.0
 miyapur",771.0
MOHALI",771.0
 KOCHI",771.0
mandya district",771.0
 vaddakkedathu cavu",771.0
 bid",771.0
Erode",771.0
PARIPPALLY",771.0
 besides mallikarjuna marbles and",771.0
BHAGALPUR",764.0
 KANNUR",763.0
 Mathura",763.0
 PRATAPGARH",759.0
 Pudukkottai",759.0
 pala,758.0
 New Delhi",758.0
Auraiya",754.0
 village,752.0
 Ranchi",752.0
 madambakkam",751.0
 Thiruvarur",744.0
 VARKALA",744.0
 West",744.0
guntur(dt)",744.0
( po)",744.0
 Davangere",736.0
Mizoram,735.0
Aluva",735.0
 EAST SIKKIM",735.0
 Dist. Thane",735.0
 Thrissur district",735.0
 KAKKANAD,735.0
 churu",730.0
 SECUNDERABAD",729.0
 Distt : Mohali",729.0
Chengannur,729.0
  vijayawada",728.0
 629004",728.0
 Purba Medinipur",725.0
 Sivagangai",725.0
 shamshabad",725.0
 Khurda",725.0
THRISSUR",725.0
Maruthukavala",725.0
 pathanamthitta",725.0
 Malegaon jahagir",724.0
 SIRUSERI",721.0
 tirupattur district",721.0
kozhikode",715.0
9916015445,715.0
  bardez",702.0
lucknow",700.0
 Kataram",700.0
Guntur District",699.0
 VELLORE DT",699.0
 ANAND",699.0
 Dadhapatna",699.0
Trissur",698.0
cansaulim",698.0
 Maligaon",696.0
 CUDDALORE",696.0
delhi",696.0
 ERNAKULAM",692.0
 Old Perungalathore",690.0
NEW DELHI",690.0
 ERNAKULAM DIST",689.0
 Distt. PAURI GARHWAL",685.0
 Odisha",685.0
ta vansda di navsari",680.0
 Naigaon,680.0
 Taluka Bhiwandi,666.0
 Hyderabad,664.0
 WARANGAL. Mobile- 7661968333",664.0
Nagaland,664.0
 Rewari",663.0
 COIMBATORE",660.0
osian",657.0
 Bhadohi",657.0
 UTTARPARA KOTRUNG",655.0
Attingal,654.0
 CHICKLI PCNTDA,649.0
 Indirapuram,648.0
 kollegal tq,641.0
 Bukkapatna",637.0
 Ernakulam dst",635.0
 Thiruvananthapuram",635.0
 district reasi",631.0
 Dist-Bharuch",631.0
 kakkanad,631.0
 allepy",626.0
 SHIMOGA(DIST)",625.0
 NOIDA",625.0
 E.G.Dt",622.0
 Ayodhya",618.0
 EAST GODAVARI DISTRICT",612.0
 vaishali",612.0
 WARANGAL Urban",612.0
Arunachal pradesh,602.0
 VASAI (EAST)",599.0
 MADHUBANI",599.0
Thirumudivakam",599.0
 Lawspet",599.0
kannur,599.0
 miraroad east",599.0
 NCR",599.0
 jalpaiguri",597.0
Shimoga",597.0
devnahalli",597.0
 kangra",597.0
 PAYYANUR,597.0
Tiruvalla",597.0
 RAIPUR",597.0
orissa,597.0
di:Bharuch",593.0
 rampur",591.0
 Bardez",591.0
 Mumbai 401107",588.0
 KOLLAM",587.0
Nowgam Srinagar",582.0
 Rajarhat",574.0
 Guntur Dt.",573.0
THANE",571.0
 Biswanath",569.0
 paschim Medinipur",568.0
 DIST - SUNDARGARH",568.0
Puducherry,568.0
 near forum mall,568.0
Punjab/Mohali/Zirakpur,568.0
 district daund,568.0
Edavanakad",566.0
 junagdh",565.0
 baran",563.0
 Cochin",563.0
  DISTT : MAHASAMUND",563.0
Rajshthan,563.0
 GADCHIROLI",563.0
 Vaishali",563.0
 Channagiri Taluk,561.0
kanyakumari district",560.0
 Uttam Nagar,560.0
 vizianagaram dist",551.0
 Nagercoil",549.0
 dist - Amravati",549.0
 other no. 9667856896",549.0
 District Ludhiana.",545.0
Faridabad",545.0
Kalyan",545.0
 prakasam dist",545.0
 Dist Patiala",545.0
Nagaon,545.0
 Pimpri-Chinchwad",545.0
 Distt BHILWARA",544.0
 visakhapatnam",544.0
 Shivamogga",544.0
 Malad west ,543.0
 Aldona",540.0
Malad West,533.0
 Ranga Reddy",533.0
 District- Balrampur",533.0
 east Mumbai",531.0
malad  east",529.0
Pondicherry,529.0
 Kolkata- 700102",529.0
 Panjim",528.0
 9717754694",525.0
 district and subdistrict",523.0
 CHIDHAMBARAM",523.0
 Sector 1",522.0
 west medinipur",521.0
rajsthan,521.0
 Kottayam district",519.0
 Kancheepuram Dt.",518.0
 thiruporur",518.0
 Koraput",518.0
 HOOGHLY",518.0
 Chittoor",518.0
 South Andaman",518.0
 GHAZIABAD",517.0
Telangana",517.0
Bhubaneswar",517.0
 Banagalore",517.0
lohengao",517.0
 bellary district",517.0
 coorg",517.0
 Manesar",517.0
  Sector 53,517.0
 TIRUPATI",511.0
 Jaipur",511.0
  Panaji -Goa",510.0
 near Chettinadu villa",499.0
  manapet post",499.0
 navi mumbai",499.0
Nimta south",499.0
 KHARGHAR,496.0
 District - Gir Somnath",495.0
 Ankola",495.0
 Dharamshala",495.0
 Paschim Midnapur",495.0
 MULUND (W)",493.0
 Thane (West)",493.0
AR,493.0
 WARANGAL",487.0
 chittooor",487.0
Gohpur",487.0
 Bongaigaon",487.0
Chennai",487.0
Gautam buddha nagar",487.0
 Korutla mandal,487.0
 South Goa",487.0
Almora",486.0
Hunugund taluk,486.0
 Surat",486.0
 Punjab (India)",486.0
 North 24 Paraganas,475.0
Khardah",475.0
 JAIPUR",475.0
 Nagpur",471.0
 Karnataka,471.0
 VIJAPURA",471.0
 Thalassery",471.0
Chamakkala",471.0
 New Bombay",471.0
WARANGAL DISTRICT",471.0
Mallur",471.0
 Thirumvermbur",471.0
 Dharmapuri (dt).",469.0
Chennai city",468.0
Mirzapur",460.0
Gwalior ,459.0
Dhanbad",459.0
 BANGALORE",459.0
  kochalumoodu",459.0
 KRISHNA DISTRICT",459.0
Salem",459.0
westgodavari",459.0
 Gurugram",459.0
 east godhavari",458.0
 Hyd",452.0
Mumbai",449.0
 AHMEDABAD",449.0
Rajsthan,443.0
 Dimapur",443.0
 COOCHBEHAR",442.0
 VELLORE",442.0
khammam dist",442.0
 THIRUVANAMALAI DISTRICT",442.0
 Guntur",442.0
 birbhum",438.0
Puducherry",435.0
 thrissur",435.0
 Alappuzhaa",435.0
 Kanyakumari Dist.,435.0
 Bally station",435.0
 9849771800.",435.0
 KATHGOLA",435.0
 UDUPI",435.0
Kanchipuram",435.0
KOTTAYAM(district)",435.0
Kottayam",435.0
 Theni",432.0
 Palghar district",432.0
 raigad",432.0
28th mile vettiyara p.o",431.0
 CHINGLEPUT DIST",429.0
 Cochin-30",429.0
KOLLAM",429.0
 Perumanna (po)",426.0
 punjab",416.0
 changanacherry,406.0
 Sindhudurg",399.0
KODAGU.",399.0
 Sehore",399.0
 Sec -44",399.0
 Liluah",399.0
 old goa",399.0
 THIRUVARUR DISTRICT",399.0
Budge Budge",399.0
 East Medinipur",399.0
 Lucknow Kanpur Highway",399.0
 Kurukupuram,399.0
 Jalpaiguri",399.0
 Uttarpara,399.0
 noonmati",399.0
angul",399.0
akola",399.0
Alappuzha",399.0
Thiruvannamalai district",399.0
Delhi",399.0
 ghaziabad",399.0
 North Haibourgaon",399.0
Kandi,399.0
 ahmedabad",399.0
 North Goa District",399.0
PB,399.0
 Mumbai - 400078",397.0
 madhya pradesh",389.0
Bhadohi",387.0
Dist - Bilaspur",387.0
 RAIGARH",387.0
 madurai",382.0
 Dist. Gadchiroli",379.0
 shamirpet mondal. Hyderabad",376.0
 THIRUPUVANAM THANJAVUR DISTRICT",376.0
 diva",376.0
 Pathanamthitta (District)",376.0
village- kadiyadara",376.0
 theni dt",376.0
 Purulia",376.0
 rangareddy .",376.0
 Tapi",376.0
 Whitefield,376.0
 DISTRICT -DURG ,373.0
Madurai",369.0
 Sector - 22",368.0
ernakulam",363.0
 Mangaluru,363.0
 MANGALAGIRI",363.0
 GUNTUR",362.0
Thoothukudi District",353.0
thiruvananthapuram",353.0
 Armur",353.0
theni",352.0
 Mangadu",352.0
 Chandragiri(M),349.0
 JVPDS,348.0
 Hooghly",345.0
 51",345.0
 Munbai",345.0
katkar Ali,345.0
 hyderabad",342.0
kolkata",330.0
P.O- Katgharia ,329.0
 Mundra",329.0
visakapatnam",329.0
 Punjab",325.0
patna,319.0
 PIMPRI CHINCHWAD,318.0
C.H.B.JODHPUR",318.0
Karumathampatti",307.0
 TIRUNELVELI DISTRICT",301.0
Kolkata ,301.0
 dist- Nasik",301.0
 howrah",301.0
 Kalyan district",301.0
 ERANAKULAM",301.0
Indore",301.0
 Ashokenagar",299.0
  DHAR DISTRICT",295.0
BATHALAPALLE",295.0
jammu kashmir",292.0
